Sensor ID, Temperature, Resistance, Status
RTD_1, 30.01, 157.796094, Stable
RTD_2, 29.68, 159.394744, Stable
RTD_3, 52.07, 174.099668, Fan On
RTD_4, 42.96, 168.292735, Fan On
RTD_5, 18.56, 149.510589, Stable
RTD_6, 58.85, 179.461402, Fan On
RTD_7, 50.60, 172.912654, Fan On
RTD_8, 34.08, 161.727410, Stable
RTD_9, 7.11, 142.466085, Stable
RTD_10, 36.11, 162.714381, Fan On
RTD_11, 7.14, 141.224207, Stable
RTD_12, 16.08, 147.483778, Stable
RTD_13, 23.94, 154.612931, Stable
RTD_14, 47.38, 170.574149, Fan On
RTD_15, 22.15, 153.340942, Stable
RTD_16, 24.66, 154.670876, Stable
RTD_17, 10.08, 144.763234, Stable
RTD_18, 37.44, 163.583155, Fan On
RTD_19, 46.95, 171.109057, Fan On
RTD_20, 57.12, 179.214659, Fan On
RTD_21, 12.42, 146.434806, Stable
RTD_22, 8.48, 141.934356, Stable
RTD_23, 53.45, 176.522313, Fan On
RTD_24, 19.00, 149.969056, Stable
RTD_25, 44.39, 168.306251, Fan On
RTD_26, 5.36, 140.911593, Heater On
RTD_27, 14.38, 146.796157, Stable
RTD_28, 2.16, 138.976836, Heater On
RTD_29, 5.68, 140.154568, Heater On
RTD_30, 8.35, 142.843490, Stable
RTD_31, 49.20, 172.101261, Fan On
RTD_32, 22.82, 153.422016, Stable
RTD_33, 7.70, 141.709165, Stable
RTD_34, 37.46, 164.046903, Fan On
RTD_35, 24.29, 154.333029, Stable
RTD_36, 16.79, 149.003349, Stable
RTD_37, 47.60, 172.358382, Fan On
RTD_38, 29.99, 157.765346, Stable
RTD_39, 53.21, 176.060331, Fan On
RTD_40, 19.41, 150.957400, Stable
RTD_41, 32.74, 159.991262, Stable
RTD_42, 3.84, 140.037708, Heater On
RTD_43, 8.25, 142.142748, Stable
RTD_44, 2.68, 139.008296, Heater On
RTD_45, 11.87, 145.497223, Stable
RTD_46, 39.91, 166.386592, Fan On
RTD_47, 5.50, 140.418832, Heater On
RTD_48, 49.56, 172.180733, Fan On
RTD_49, 41.54, 166.232593, Fan On
RTD_50, 51.96, 175.752551, Fan On
RTD_51, 21.19, 151.258015, Stable
RTD_52, 10.01, 144.154614, Stable
RTD_53, 23.89, 154.115059, Stable
RTD_54, 35.73, 162.791160, Fan On
RTD_55, 29.99, 158.241346, Stable
RTD_56, 5.89, 141.544427, Heater On
RTD_57, 42.61, 167.293637, Fan On
RTD_58, 31.28, 159.693623, Stable
RTD_59, 16.67, 149.172858, Stable
RTD_60, 17.45, 148.909049, Stable
RTD_61, 37.91, 164.353744, Fan On
RTD_62, 15.74, 148.118054, Stable
RTD_63, 21.07, 151.858524, Stable
RTD_64, 8.14, 142.438631, Stable
RTD_65, 58.58, 179.808298, Fan On
RTD_66, 30.53, 159.038555, Stable
RTD_67, 56.40, 178.462714, Fan On
RTD_68, 31.22, 159.685377, Stable
RTD_69, 9.41, 142.917160, Stable
RTD_70, 35.99, 164.002890, Fan On
RTD_71, 51.31, 173.855225, Fan On
RTD_72, 40.22, 167.142193, Fan On
RTD_73, 12.79, 145.642653, Stable
RTD_74, 10.00, 144.573240, Stable
RTD_75, 39.71, 166.119107, Fan On
RTD_76, 7.94, 142.040147, Stable
RTD_77, 39.89, 166.939843, Fan On
RTD_78, 27.43, 155.820540, Stable
RTD_79, 18.04, 150.055129, Stable
RTD_80, 21.68, 151.865352, Stable
RTD_81, 49.40, 173.550746, Fan On
RTD_82, 48.25, 171.214708, Fan On
RTD_83, 56.02, 178.568492, Fan On
RTD_84, 13.67, 145.802586, Stable
RTD_85, 23.49, 153.235090, Stable
RTD_86, 28.37, 156.710719, Stable
RTD_87, 46.31, 170.760105, Fan On
RTD_88, 25.82, 155.689288, Stable
RTD_89, 50.40, 173.593170, Fan On
RTD_90, 24.95, 155.730729, Stable
RTD_91, 21.92, 152.141334, Stable
RTD_92, 54.43, 177.684988, Fan On
RTD_93, 22.25, 153.868684, Stable
RTD_94, 1.52, 136.993884, Heater On
RTD_95, 15.45, 146.970201, Stable
RTD_96, 13.95, 146.438065, Stable
RTD_97, 57.64, 178.448119, Fan On
RTD_98, 15.18, 148.084096, Stable
RTD_99, 10.71, 144.422811, Stable
RTD_100, 32.29, 159.491421, Stable
RTD_101, 23.28, 153.930231, Stable
RTD_102, 43.61, 168.098061, Fan On
RTD_103, 31.54, 159.143353, Stable
RTD_104, 40.18, 166.795696, Fan On
RTD_105, 15.61, 148.079189, Stable
RTD_106, 14.18, 146.067672, Stable
RTD_107, 0.04, 136.752497, Heater On
RTD_108, 51.23, 173.531232, Fan On
RTD_109, 5.36, 140.991593, Heater On
RTD_110, 17.68, 149.240656, Stable
RTD_111, 59.74, 180.896710, Fan On
RTD_112, 40.90, 166.155642, Fan On
RTD_113, 50.55, 173.896783, Fan On
RTD_114, 26.88, 155.913957, Stable
RTD_115, 30.92, 158.572150, Stable
RTD_116, 40.81, 165.921273, Fan On
RTD_117, 37.15, 163.623302, Fan On
RTD_118, 35.06, 162.703085, Fan On
RTD_119, 23.32, 153.389728, Stable
RTD_120, 7.21, 141.366827, Stable
RTD_121, 15.09, 146.808728, Stable
RTD_122, 23.13, 153.365617, Stable
RTD_123, 42.96, 168.284735, Fan On
RTD_124, 6.73, 141.712864, Stable
RTD_125, 25.59, 154.702680, Stable
RTD_126, 22.94, 152.530507, Stable
RTD_127, 54.23, 175.942504, Fan On
RTD_128, 9.65, 143.070142, Stable
RTD_129, 16.05, 148.027655, Stable
RTD_130, 41.52, 167.091844, Fan On
RTD_131, 23.93, 153.366556, Stable
RTD_132, 42.25, 168.155164, Fan On
RTD_133, 21.79, 151.822469, Stable
RTD_134, 58.69, 178.920415, Fan On
RTD_135, 47.25, 170.594284, Fan On
RTD_136, 24.88, 155.223109, Stable
RTD_137, 33.32, 160.619968, Stable
RTD_138, 15.08, 148.240354, Stable
RTD_139, 11.65, 144.369990, Stable
RTD_140, 15.75, 148.391428, Stable
RTD_141, 52.34, 176.000772, Fan On
RTD_142, 2.18, 137.675584, Heater On
RTD_143, 49.63, 172.280353, Fan On
RTD_144, 6.14, 141.909783, Stable
RTD_145, 50.45, 172.895041, Fan On
RTD_146, 55.12, 176.343811, Fan On
RTD_147, 49.23, 172.006384, Fan On
RTD_148, 43.20, 168.952717, Fan On
RTD_149, 14.61, 146.801765, Stable
RTD_150, 28.30, 156.738099, Stable
RTD_151, 8.65, 142.769718, Stable
RTD_152, 42.33, 168.486158, Fan On
RTD_153, 38.36, 164.488585, Fan On
RTD_154, 51.18, 174.662360, Fan On
RTD_155, 11.68, 145.876112, Stable
RTD_156, 47.13, 171.636793, Fan On
RTD_157, 11.00, 144.425664, Stable
RTD_158, 5.80, 140.733059, Heater On
RTD_159, 45.94, 171.052259, Fan On
RTD_160, 17.96, 150.675135, Stable
RTD_161, 25.94, 154.771779, Stable
RTD_162, 51.09, 174.781992, Fan On
RTD_163, 18.40, 149.992602, Stable
RTD_164, 39.54, 164.721745, Fan On
RTD_165, 36.60, 163.466718, Fan On
RTD_166, 20.35, 151.518578, Stable
RTD_167, 25.05, 154.287471, Stable
RTD_168, 58.00, 180.188592, Fan On
RTD_169, 46.62, 170.537707, Fan On
RTD_170, 27.56, 157.592405, Stable
RTD_171, 33.09, 161.593360, Stable
RTD_172, 8.52, 142.200852, Stable
RTD_173, 18.17, 149.006994, Stable
RTD_174, 43.92, 168.984662, Fan On
RTD_175, 10.55, 143.717823, Stable
RTD_176, 22.02, 153.551076, Stable
RTD_177, 10.74, 144.732934, Stable
RTD_178, 13.53, 145.946347, Stable
RTD_179, 22.82, 152.530016, Stable
RTD_180, 25.94, 155.789779, Stable
RTD_181, 9.44, 142.982283, Stable
RTD_182, 56.76, 179.336186, Fan On
RTD_183, 38.47, 163.960701, Fan On
RTD_184, 36.74, 163.897958, Fan On
RTD_185, 2.80, 138.496787, Heater On
RTD_186, 25.86, 155.970785, Stable
RTD_187, 5.68, 141.260568, Heater On
RTD_188, 9.27, 143.629920, Stable
RTD_189, 40.64, 166.050911, Fan On
RTD_190, 7.37, 142.675815, Stable
RTD_191, 7.73, 143.051288, Stable
RTD_192, 3.51, 139.381358, Heater On
RTD_193, 6.11, 140.962661, Stable
RTD_194, 6.34, 140.916268, Stable
RTD_195, 43.15, 168.298846, Fan On
RTD_196, 46.40, 170.162474, Fan On
RTD_197, 23.18, 153.416488, Stable
RTD_198, 54.44, 177.258363, Fan On
RTD_199, 23.05, 154.402623, Stable
RTD_200, 57.48, 179.111132, Fan On
RTD_201, 47.62, 171.143131, Fan On
RTD_202, 50.31, 173.834801, Fan On
RTD_203, 11.45, 144.213505, Stable
RTD_204, 32.75, 160.370636, Stable
RTD_205, 24.02, 153.480924, Stable
RTD_206, 14.39, 146.181531, Stable
RTD_207, 41.55, 167.794967, Fan On
RTD_208, 19.83, 152.063118, Stable
RTD_209, 24.53, 153.668011, Stable
RTD_210, 34.13, 160.968281, Stable
RTD_211, 27.41, 156.765792, Stable
RTD_212, 56.06, 178.124989, Fan On
RTD_213, 36.15, 163.946878, Fan On
RTD_214, 0.53, 137.570835, Heater On
RTD_215, 12.75, 145.210156, Stable
RTD_216, 50.31, 173.620801, Fan On
RTD_217, 42.46, 167.753023, Fan On
RTD_218, 27.75, 156.327516, Stable
RTD_219, 16.87, 148.718343, Stable
RTD_220, 33.51, 160.426078, Stable
RTD_221, 49.93, 174.261580, Fan On
RTD_222, 41.08, 167.736378, Fan On
RTD_223, 0.54, 136.112209, Heater On
RTD_224, 44.28, 169.032135, Fan On
RTD_225, 11.55, 144.939247, Stable
RTD_226, 28.85, 156.981682, Stable
RTD_227, 48.17, 172.620714, Fan On
RTD_228, 36.51, 162.767350, Fan On
RTD_229, 17.92, 150.030638, Stable
RTD_230, 7.70, 141.560165, Stable
RTD_231, 50.77, 174.158016, Fan On
RTD_232, 54.63, 177.134473, Fan On
RTD_233, 17.03, 148.469331, Stable
RTD_234, 10.54, 144.837449, Stable
RTD_235, 20.57, 152.368812, Stable
RTD_236, 47.80, 171.097867, Fan On
RTD_237, 17.76, 149.969650, Stable
RTD_238, 13.72, 147.264457, Stable
RTD_239, 45.46, 171.028295, Fan On
RTD_240, 39.45, 166.130377, Fan On
RTD_241, 21.07, 152.256524, Stable
RTD_242, 20.35, 150.962578, Stable
RTD_243, 2.49, 137.490186, Heater On
RTD_244, 18.63, 150.837209, Stable
RTD_245, 23.53, 154.143587, Stable
RTD_246, 55.95, 176.856873, Fan On
RTD_247, 27.68, 156.589896, Stable
RTD_248, 16.24, 148.138766, Stable
RTD_249, 12.29, 145.483941, Stable
RTD_250, 38.39, 164.351707, Fan On
RTD_251, 25.70, 155.960797, Stable
RTD_252, 45.90, 170.344762, Fan On
RTD_253, 45.78, 170.078271, Fan On
RTD_254, 16.54, 148.851993, Stable
RTD_255, 13.88, 146.606445, Stable
RTD_256, 54.38, 177.002117, Fan On
RTD_257, 58.19, 179.859703, Fan On
RTD_258, 48.71, 173.132923, Fan On
RTD_259, 54.87, 176.589455, Fan On
RTD_260, 4.49, 139.139034, Heater On
RTD_261, 3.93, 138.998076, Heater On
RTD_262, 10.74, 143.555934, Stable
RTD_263, 18.63, 150.073209, Stable
RTD_264, 59.79, 179.816581, Fan On
RTD_265, 34.61, 161.212245, Stable
RTD_266, 31.72, 159.572089, Stable
RTD_267, 7.55, 142.608551, Stable
RTD_268, 56.89, 178.295051, Fan On
RTD_269, 32.93, 160.567372, Stable
RTD_270, 28.69, 157.768695, Stable
RTD_271, 6.06, 140.996789, Stable
RTD_272, 12.15, 145.216702, Stable
RTD_273, 33.45, 161.746833, Stable
RTD_274, 44.22, 169.937889, Fan On
RTD_275, 51.40, 175.441594, Fan On
RTD_276, 17.83, 150.262270, Stable
RTD_277, 18.46, 149.226847, Stable
RTD_278, 47.83, 171.505990, Fan On
RTD_279, 43.25, 168.607588, Fan On
RTD_280, 59.18, 180.741752, Fan On
RTD_281, 13.97, 146.739813, Stable
RTD_282, 18.35, 149.828730, Stable
RTD_283, 1.19, 136.883535, Heater On
RTD_284, 11.53, 145.623499, Stable
RTD_285, 46.52, 171.068964, Fan On
RTD_286, 34.83, 161.780478, Stable
RTD_287, 16.29, 148.566637, Stable
RTD_288, 47.04, 171.635425, Fan On
RTD_289, 21.00, 151.309904, Stable
RTD_290, 39.81, 166.439849, Fan On
RTD_291, 40.85, 166.901770, Fan On
RTD_292, 16.42, 148.953502, Stable
RTD_293, 17.62, 149.190411, Stable
RTD_294, 25.56, 156.160557, Stable
RTD_295, 0.93, 137.137804, Heater On
RTD_296, 39.50, 166.538248, Fan On
RTD_297, 48.67, 172.010426, Fan On
RTD_298, 3.94, 139.289451, Heater On
RTD_299, 50.96, 174.557127, Fan On
RTD_300, 47.02, 170.543676, Fan On
RTD_301, 22.14, 152.822567, Stable
RTD_302, 6.99, 141.773594, Stable
RTD_303, 33.85, 161.858802, Stable
RTD_304, 10.20, 143.891725, Stable
RTD_305, 55.69, 177.702143, Fan On
RTD_306, 13.90, 147.687194, Stable
RTD_307, 53.63, 176.654049, Fan On
RTD_308, 49.24, 173.025758, Fan On
RTD_309, 42.14, 167.536047, Fan On
RTD_310, 52.50, 174.431760, Fan On
RTD_311, 7.99, 142.447018, Stable
RTD_312, 19.90, 150.250738, Stable
RTD_313, 50.10, 173.131942, Fan On
RTD_314, 4.41, 140.368040, Heater On
RTD_315, 43.82, 169.709920, Fan On
RTD_316, 59.34, 180.694740, Fan On
RTD_317, 31.39, 159.355739, Stable
RTD_318, 37.95, 163.600241, Fan On
RTD_319, 57.30, 178.623395, Fan On
RTD_320, 24.02, 154.191924, Stable
RTD_321, 3.56, 138.333229, Heater On
RTD_322, 52.28, 175.579527, Fan On
RTD_323, 59.91, 181.075072, Fan On
RTD_324, 6.90, 142.057226, Stable
RTD_325, 46.81, 172.023817, Fan On
RTD_326, 7.48, 141.239932, Stable
RTD_327, 55.75, 176.756388, Fan On
RTD_328, 8.84, 142.349828, Stable
RTD_329, 56.10, 178.451486, Fan On
RTD_330, 18.28, 149.075111, Stable
RTD_331, 0.78, 136.394191, Heater On
RTD_332, 53.78, 176.377663, Fan On
RTD_333, 46.55, 170.447087, Fan On
RTD_334, 27.81, 157.459761, Stable
RTD_335, 20.21, 151.807339, Stable
RTD_336, 24.89, 155.383483, Stable
RTD_337, 28.50, 157.250584, Stable
RTD_338, 1.43, 136.975516, Heater On
RTD_339, 57.26, 179.113898, Fan On
RTD_340, 41.75, 166.696452, Fan On
RTD_341, 44.29, 168.579509, Fan On
RTD_342, 14.81, 148.467249, Stable
RTD_343, 57.16, 177.865156, Fan On
RTD_344, 50.70, 174.346397, Fan On
RTD_345, 14.71, 146.582507, Stable
RTD_346, 54.30, 175.899123, Fan On
RTD_347, 30.23, 158.967328, Stable
RTD_348, 34.42, 162.054134, Stable
RTD_349, 51.12, 174.397115, Fan On
RTD_350, 6.94, 142.046723, Stable
RTD_351, 17.82, 149.439896, Stable
RTD_352, 35.66, 162.880540, Fan On
RTD_353, 33.22, 161.638225, Stable
RTD_354, 0.01, 137.377374, Heater On
RTD_355, 24.90, 154.806858, Stable
RTD_356, 37.25, 163.862044, Fan On
RTD_357, 3.16, 138.120260, Heater On
RTD_358, 33.78, 161.472183, Stable
RTD_359, 12.58, 144.894794, Stable
RTD_360, 54.38, 175.898117, Fan On
RTD_361, 5.20, 139.912605, Heater On
RTD_362, 34.33, 162.181766, Stable
RTD_363, 0.32, 136.989976, Heater On
RTD_364, 31.78, 159.740335, Stable
RTD_365, 26.40, 155.116994, Stable
RTD_366, 11.22, 145.545897, Stable
RTD_367, 20.38, 150.998701, Stable
RTD_368, 8.46, 143.748607, Stable
RTD_369, 33.53, 161.826827, Stable
RTD_370, 2.63, 138.739425, Heater On
RTD_371, 1.80, 137.116363, Heater On
RTD_372, 50.96, 173.410127, Fan On
RTD_373, 23.24, 153.832734, Stable
RTD_374, 6.30, 140.240771, Stable
RTD_375, 19.28, 151.548535, Stable
RTD_376, 24.74, 155.236870, Stable
RTD_377, 2.78, 138.077039, Heater On
RTD_378, 20.00, 151.758480, Stable
RTD_379, 0.88, 137.864933, Heater On
RTD_380, 10.44, 144.130707, Stable
RTD_381, 52.58, 174.940754, Fan On
RTD_382, 31.46, 159.835359, Stable
RTD_383, 2.63, 139.140425, Heater On
RTD_384, 46.61, 171.097333, Fan On
RTD_385, 28.79, 158.762437, Stable
RTD_386, 20.76, 152.376922, Stable
RTD_387, 54.37, 175.859743, Fan On
RTD_388, 14.45, 147.097777, Stable
RTD_389, 22.15, 152.536942, Stable
RTD_390, 59.79, 180.730581, Fan On
RTD_391, 54.28, 177.472375, Fan On
RTD_392, 11.18, 144.734400, Stable
RTD_393, 35.75, 163.355908, Fan On
RTD_394, 18.41, 150.190976, Stable
RTD_395, 51.97, 174.162925, Fan On
RTD_396, 16.62, 148.676987, Stable
RTD_397, 22.86, 152.551513, Stable
RTD_398, 4.01, 139.564070, Heater On
RTD_399, 8.62, 141.994595, Stable
RTD_400, 39.84, 166.586972, Fan On
RTD_401, 43.86, 168.678417, Fan On
RTD_402, 29.49, 158.709634, Stable
RTD_403, 18.21, 149.014491, Stable
RTD_404, 5.76, 140.991562, Heater On
RTD_405, 48.74, 173.317046, Fan On
RTD_406, 4.22, 139.983929, Heater On
RTD_407, 6.74, 142.386238, Stable
RTD_408, 34.29, 162.831269, Stable
RTD_409, 55.98, 177.657996, Fan On
RTD_410, 19.26, 150.885786, Stable
RTD_411, 40.06, 166.808205, Fan On
RTD_412, 40.14, 167.044199, Fan On
RTD_413, 26.47, 156.433613, Stable
RTD_414, 32.56, 160.462525, Stable
RTD_415, 17.40, 150.387178, Stable
RTD_416, 19.56, 151.663013, Stable
RTD_417, 22.39, 152.426923, Stable
RTD_418, 28.41, 157.652216, Stable
RTD_419, 1.15, 136.425038, Heater On
RTD_420, 4.58, 139.438402, Heater On
RTD_421, 20.18, 150.894216, Stable
RTD_422, 47.50, 171.923640, Fan On
RTD_423, 10.35, 143.706338, Stable
RTD_424, 21.05, 151.484775, Stable
RTD_425, 8.42, 142.787110, Stable
RTD_426, 50.14, 172.868439, Fan On
RTD_427, 54.27, 176.779000, Fan On
RTD_428, 27.69, 157.399271, Stable
RTD_429, 48.55, 171.798935, Fan On
RTD_430, 46.28, 171.245983, Fan On
RTD_431, 44.93, 170.463460, Fan On
RTD_432, 11.24, 145.190646, Stable
RTD_433, 21.13, 151.992769, Stable
RTD_434, 17.84, 149.836644, Stable
RTD_435, 50.75, 174.608268, Fan On
RTD_436, 21.77, 152.330720, Stable
RTD_437, 21.97, 152.864205, Stable
RTD_438, 52.49, 175.205386, Fan On
RTD_439, 50.96, 174.689127, Fan On
RTD_440, 12.54, 145.606297, Stable
RTD_441, 29.27, 158.815400, Stable
RTD_442, 28.85, 157.886682, Stable
RTD_443, 40.59, 166.630040, Fan On
RTD_444, 44.80, 170.347595, Fan On
RTD_445, 7.32, 142.762944, Stable
RTD_446, 12.22, 145.237321, Stable
RTD_447, 46.90, 172.055186, Fan On
RTD_448, 11.54, 144.848873, Stable
RTD_449, 20.43, 150.771572, Stable
RTD_450, 45.46, 170.498295, Fan On
RTD_451, 39.06, 165.772781, Fan On
RTD_452, 57.51, 178.231254, Fan On
RTD_453, 12.70, 145.480285, Stable
RTD_454, 39.90, 165.566218, Fan On
RTD_455, 58.89, 179.509899, Fan On
RTD_456, 11.46, 145.349879, Stable
RTD_457, 35.37, 163.549687, Fan On
RTD_458, 3.44, 139.162739, Heater On
RTD_459, 9.57, 142.884148, Stable
RTD_460, 3.41, 139.537616, Heater On
RTD_461, 44.61, 170.321485, Fan On
RTD_462, 4.80, 140.124635, Heater On
RTD_463, 15.94, 149.094539, Stable
RTD_464, 6.38, 142.197765, Stable
RTD_465, 26.07, 154.902644, Stable
RTD_466, 12.06, 144.985333, Stable
RTD_467, 50.34, 174.231924, Fan On
RTD_468, 23.12, 152.990243, Stable
RTD_469, 49.80, 173.119715, Fan On
RTD_470, 8.32, 142.862368, Stable
RTD_471, 24.28, 154.328655, Stable
RTD_472, 51.74, 174.209318, Fan On
RTD_473, 24.31, 155.081777, Stable
RTD_474, 9.33, 143.789166, Stable
RTD_475, 59.14, 180.871255, Fan On
RTD_476, 21.90, 152.659586, Stable
RTD_477, 50.57, 173.867532, Fan On
RTD_478, 11.53, 145.680499, Stable
RTD_479, 4.42, 139.436414, Heater On
RTD_480, 8.13, 142.357257, Stable
RTD_481, 55.05, 178.037191, Fan On
RTD_482, 13.43, 147.120604, Stable
RTD_483, 25.69, 154.851423, Stable
RTD_484, 31.65, 159.513470, Stable
RTD_485, 3.76, 139.303714, Heater On
RTD_486, 26.60, 155.687478, Stable
RTD_487, 34.14, 162.350655, Stable
RTD_488, 8.94, 142.697571, Stable
RTD_489, 37.27, 163.895792, Fan On
RTD_490, 50.31, 174.208801, Fan On
RTD_491, 56.47, 178.369333, Fan On
RTD_492, 27.95, 157.328001, Stable
RTD_493, 23.67, 154.917826, Stable
RTD_494, 7.30, 141.301195, Stable
RTD_495, 36.89, 162.786571, Fan On
RTD_496, 0.34, 137.000724, Heater On
RTD_497, 25.06, 155.088845, Stable
RTD_498, 3.22, 138.339505, Heater On
RTD_499, 21.26, 151.947634, Stable
RTD_500, 42.53, 168.233643, Fan On
RTD_501, 1.04, 137.549921, Heater On
RTD_502, 3.28, 139.354751, Heater On
RTD_503, 55.27, 177.255424, Fan On
RTD_504, 25.08, 154.871594, Stable
RTD_505, 43.72, 168.833177, Fan On
RTD_506, 29.88, 159.341229, Stable
RTD_507, 48.53, 172.610187, Fan On
RTD_508, 40.38, 165.672181, Fan On
RTD_509, 10.73, 144.132560, Stable
RTD_510, 32.48, 159.602532, Stable
RTD_511, 22.37, 152.278175, Stable
RTD_512, 15.86, 147.714545, Stable
RTD_513, 17.40, 149.363178, Stable
RTD_514, 10.06, 144.301485, Stable
RTD_515, 14.83, 147.669998, Stable
RTD_516, 9.26, 143.764546, Stable
RTD_517, 41.20, 167.289869, Fan On
RTD_518, 22.95, 154.421881, Stable
RTD_519, 54.21, 176.397755, Fan On
RTD_520, 23.84, 154.841188, Stable
RTD_521, 33.88, 162.280925, Stable
RTD_522, 37.05, 164.587559, Fan On
RTD_523, 22.05, 153.777199, Stable
RTD_524, 12.10, 145.274830, Stable
RTD_525, 46.90, 171.562186, Fan On
RTD_526, 17.68, 149.938656, Stable
RTD_527, 54.44, 176.004363, Fan On
RTD_528, 53.95, 176.863025, Fan On
RTD_529, 46.44, 171.800971, Fan On
RTD_530, 8.08, 142.652386, Stable
RTD_531, 6.83, 142.229606, Stable
RTD_532, 31.78, 159.260335, Stable
RTD_533, 10.21, 143.684099, Stable
RTD_534, 42.24, 168.272790, Fan On
RTD_535, 39.16, 166.221524, Fan On
RTD_536, 24.83, 155.004238, Stable
RTD_537, 13.90, 146.362194, Stable
RTD_538, 23.44, 153.955219, Stable
RTD_539, 0.66, 136.121700, Heater On
RTD_540, 37.70, 165.246885, Fan On
RTD_541, 30.90, 160.139402, Stable
RTD_542, 23.75, 153.130820, Stable
RTD_543, 46.41, 170.992848, Fan On
RTD_544, 47.92, 172.488358, Fan On
RTD_545, 22.49, 152.597666, Stable
RTD_546, 14.02, 146.140684, Stable
RTD_547, 11.71, 144.798235, Stable
RTD_548, 56.42, 178.659462, Fan On
RTD_549, 36.66, 163.548964, Fan On
RTD_550, 50.95, 174.928753, Fan On
RTD_551, 13.33, 146.605862, Stable
RTD_552, 27.44, 156.907915, Stable
RTD_553, 38.27, 163.845216, Fan On
RTD_554, 10.90, 144.682922, Stable
RTD_555, 12.51, 146.608174, Stable
RTD_556, 2.91, 139.488904, Heater On
RTD_557, 34.53, 161.172251, Stable
RTD_558, 6.53, 141.752379, Stable
RTD_559, 36.16, 164.000252, Fan On
RTD_560, 49.92, 173.815206, Fan On
RTD_561, 51.86, 173.979809, Fan On
RTD_562, 22.47, 152.863917, Stable
RTD_563, 6.56, 140.867501, Stable
RTD_564, 23.57, 154.070084, Stable
RTD_565, 43.22, 168.593465, Fan On
RTD_566, 21.47, 152.501493, Stable
RTD_567, 16.86, 149.781969, Stable
RTD_568, 11.78, 145.183855, Stable
RTD_569, 25.07, 154.642220, Stable
RTD_570, 59.17, 180.367378, Fan On
RTD_571, 20.76, 152.379922, Stable
RTD_572, 22.79, 154.067893, Stable
RTD_573, 25.56, 155.999557, Stable
RTD_574, 47.36, 171.594401, Fan On
RTD_575, 33.68, 160.830440, Stable
RTD_576, 13.71, 145.825083, Stable
RTD_577, 53.88, 177.029405, Fan On
RTD_578, 10.65, 144.783566, Stable
RTD_579, 37.76, 163.886130, Fan On
RTD_580, 15.33, 148.658710, Stable
RTD_581, 38.00, 165.022112, Fan On
RTD_582, 28.82, 157.716560, Stable
RTD_583, 57.25, 179.029524, Fan On
RTD_584, 30.10, 158.968462, Stable
RTD_585, 10.20, 144.046725, Stable
RTD_586, 2.93, 138.080652, Heater On
RTD_587, 30.22, 159.420953, Stable
RTD_588, 3.55, 138.596855, Heater On
RTD_589, 47.72, 171.461873, Fan On
RTD_590, 30.15, 158.795334, Stable
RTD_591, 21.11, 151.372021, Stable
RTD_592, 44.31, 168.846257, Fan On
RTD_593, 19.13, 150.863921, Stable
RTD_594, 26.01, 155.587398, Stable
RTD_595, 3.78, 140.099463, Heater On
RTD_596, 57.33, 178.499518, Fan On
RTD_597, 45.08, 169.559074, Fan On
RTD_598, 5.84, 141.378556, Heater On
RTD_599, 3.63, 138.705849, Heater On
RTD_600, 50.59, 173.212280, Fan On
RTD_601, 3.65, 138.732598, Heater On
RTD_602, 10.02, 142.995988, Stable
RTD_603, 13.10, 147.036254, Stable
RTD_604, 53.12, 176.495963, Fan On
RTD_605, 45.44, 170.673547, Fan On
RTD_606, 24.35, 154.239274, Stable
RTD_607, 45.13, 169.969945, Fan On
RTD_608, 23.58, 153.692458, Stable
RTD_609, 18.91, 150.114688, Stable
RTD_610, 6.24, 141.946526, Stable
RTD_611, 15.30, 148.111587, Stable
RTD_612, 44.48, 169.328620, Fan On
RTD_613, 49.24, 172.692758, Fan On
RTD_614, 15.68, 148.069808, Stable
RTD_615, 20.21, 151.136339, Stable
RTD_616, 30.72, 159.768665, Stable
RTD_617, 17.99, 149.522258, Stable
RTD_618, 55.62, 177.654523, Fan On
RTD_619, 6.11, 140.965661, Stable
RTD_620, 33.43, 161.081084, Stable
RTD_621, 39.09, 165.983904, Fan On
RTD_622, 59.12, 179.530507, Fan On
RTD_623, 32.14, 160.890807, Stable
RTD_624, 16.98, 148.879460, Stable
RTD_625, 52.81, 174.779361, Fan On
RTD_626, 46.90, 171.635186, Fan On
RTD_627, 2.74, 137.962542, Heater On
RTD_628, 18.12, 150.170123, Stable
RTD_629, 46.47, 169.915093, Fan On
RTD_630, 11.66, 145.559364, Stable
RTD_631, 8.02, 142.935140, Stable
RTD_632, 14.42, 146.548654, Stable
RTD_633, 12.24, 146.489070, Stable
RTD_634, 0.40, 137.322970, Heater On
RTD_635, 18.14, 150.549871, Stable
RTD_636, 17.61, 148.719037, Stable
RTD_637, 9.78, 143.785007, Stable
RTD_638, 16.73, 148.884104, Stable
RTD_639, 5.48, 140.253084, Heater On
RTD_640, 46.90, 171.462186, Fan On
RTD_641, 16.40, 148.889754, Stable
RTD_642, 18.52, 149.659092, Stable
RTD_643, 53.41, 175.755816, Fan On
RTD_644, 13.69, 147.497335, Stable
RTD_645, 25.84, 156.614036, Stable
RTD_646, 17.37, 150.362055, Stable
RTD_647, 20.29, 152.324333, Stable
RTD_648, 39.65, 165.370862, Fan On
RTD_649, 26.14, 155.973263, Stable
RTD_650, 20.02, 151.487228, Stable
RTD_651, 2.55, 138.797431, Heater On
RTD_652, 8.10, 142.954134, Stable
RTD_653, 9.80, 144.203755, Stable
RTD_654, 29.71, 158.742867, Stable
RTD_655, 20.63, 150.995057, Stable
RTD_656, 19.25, 151.409412, Stable
RTD_657, 38.33, 164.343462, Fan On
RTD_658, 37.15, 164.011302, Fan On
RTD_659, 14.39, 147.061531, Stable
RTD_660, 5.37, 139.914967, Heater On
RTD_661, 24.76, 155.557618, Stable
RTD_662, 39.03, 164.616659, Fan On
RTD_663, 22.37, 152.334175, Stable
RTD_664, 23.17, 152.979114, Stable
RTD_665, 32.50, 159.703280, Stable
RTD_666, 28.02, 156.518620, Stable
RTD_667, 32.53, 160.698403, Stable
RTD_668, 33.75, 160.606060, Stable
RTD_669, 29.30, 158.534523, Stable
RTD_670, 5.56, 141.035077, Heater On
RTD_671, 40.46, 165.629175, Fan On
RTD_672, 9.26, 144.102546, Stable
RTD_673, 18.46, 149.821847, Stable
RTD_674, 21.41, 151.768248, Stable
RTD_675, 9.66, 144.505516, Stable
RTD_676, 21.42, 151.964622, Stable
RTD_677, 4.21, 139.654555, Heater On
RTD_678, 0.66, 136.523700, Heater On
RTD_679, 11.77, 145.330480, Stable
RTD_680, 55.80, 178.529259, Fan On
RTD_681, 15.34, 147.915084, Stable
RTD_682, 35.76, 163.597282, Fan On
RTD_683, 38.10, 164.284854, Fan On
RTD_684, 29.84, 159.056732, Stable
RTD_685, 4.85, 139.799506, Heater On
RTD_686, 37.29, 164.919541, Fan On
RTD_687, 37.08, 164.346682, Fan On
RTD_688, 3.34, 139.227996, Heater On
RTD_689, 29.73, 159.127616, Stable
RTD_690, 52.57, 175.136380, Fan On
RTD_691, 10.61, 144.812069, Stable
RTD_692, 24.16, 154.614164, Stable
RTD_693, 5.89, 141.073427, Heater On
RTD_694, 16.61, 147.819613, Stable
RTD_695, 18.12, 149.481123, Stable
RTD_696, 42.40, 167.348778, Fan On
RTD_697, 7.02, 141.733716, Stable
RTD_698, 37.27, 164.560792, Fan On
RTD_699, 9.10, 143.319558, Stable
RTD_700, 50.45, 172.837041, Fan On
RTD_701, 18.51, 150.556718, Stable
RTD_702, 48.11, 172.518469, Fan On
RTD_703, 42.41, 168.814152, Fan On
RTD_704, 4.81, 141.000009, Heater On
RTD_705, 36.27, 162.567368, Fan On
RTD_706, 37.38, 163.800909, Fan On
RTD_707, 25.50, 156.258312, Stable
RTD_708, 29.92, 158.217726, Stable
RTD_709, 27.46, 156.500663, Stable
RTD_710, 3.75, 138.792340, Heater On
RTD_711, 20.35, 150.931578, Stable
RTD_712, 34.27, 161.312520, Stable
RTD_713, 5.36, 139.807593, Heater On
RTD_714, 36.77, 163.183080, Fan On
RTD_715, 59.88, 181.245949, Fan On
RTD_716, 46.59, 171.286584, Fan On
RTD_717, 48.27, 171.855456, Fan On
RTD_718, 8.61, 143.825221, Stable
RTD_719, 5.25, 140.266476, Heater On
RTD_720, 20.56, 152.321437, Stable
RTD_721, 27.70, 155.988645, Stable
RTD_722, 45.18, 169.524816, Fan On
RTD_723, 34.74, 162.454110, Stable
RTD_724, 21.51, 152.709990, Stable
RTD_725, 59.63, 180.243593, Fan On
RTD_726, 36.90, 164.383946, Fan On
RTD_727, 20.00, 151.374480, Stable
RTD_728, 44.37, 169.323503, Fan On
RTD_729, 14.61, 148.014765, Stable
RTD_730, 21.11, 152.367021, Stable
RTD_731, 4.52, 139.201156, Heater On
RTD_732, 32.82, 160.657256, Stable
RTD_733, 0.47, 136.907589, Heater On
RTD_734, 42.53, 168.198643, Fan On
RTD_735, 17.05, 148.506079, Stable
RTD_736, 46.77, 170.496320, Fan On
RTD_737, 4.82, 140.975384, Heater On
RTD_738, 35.59, 162.841920, Fan On
RTD_739, 50.88, 173.573133, Fan On
RTD_740, 12.86, 145.785273, Stable
RTD_741, 11.96, 145.504591, Stable
RTD_742, 21.04, 152.725401, Stable
RTD_743, 27.92, 156.724878, Stable
RTD_744, 56.85, 178.842554, Fan On
RTD_745, 4.51, 140.531782, Heater On
RTD_746, 15.02, 147.123108, Stable
RTD_747, 21.68, 152.788352, Stable
RTD_748, 45.37, 170.239927, Fan On
RTD_749, 9.79, 143.296381, Stable
RTD_750, 43.80, 168.207171, Fan On
RTD_751, 35.63, 162.406417, Fan On
RTD_752, 18.40, 150.491602, Stable
RTD_753, 21.53, 152.254739, Stable
RTD_754, 10.80, 144.608179, Stable
RTD_755, 58.64, 179.390543, Fan On
RTD_756, 34.89, 162.216723, Stable
RTD_757, 31.88, 160.393077, Stable
RTD_758, 56.19, 177.199855, Fan On
RTD_759, 59.45, 179.585857, Fan On
RTD_760, 49.89, 172.489083, Fan On
RTD_761, 53.11, 176.645589, Fan On
RTD_762, 21.08, 151.809898, Stable
RTD_763, 54.50, 176.548608, Fan On
RTD_764, 54.52, 176.741356, Fan On
RTD_765, 42.10, 167.614550, Fan On
RTD_766, 41.35, 167.157482, Fan On
RTD_767, 9.11, 143.300933, Stable
RTD_768, 16.87, 148.583343, Stable
RTD_769, 27.67, 156.821522, Stable
RTD_770, 38.52, 164.924572, Fan On
RTD_771, 47.23, 172.350536, Fan On
RTD_772, 24.88, 154.281109, Stable
RTD_773, 5.59, 140.370200, Heater On
RTD_774, 7.83, 141.422030, Stable
RTD_775, 37.31, 164.622289, Fan On
RTD_776, 51.00, 174.807624, Fan On
RTD_777, 9.67, 144.419890, Stable
RTD_778, 24.47, 154.631765, Stable
RTD_779, 50.64, 174.728151, Fan On
RTD_780, 29.37, 157.309143, Stable
RTD_781, 33.47, 160.469581, Stable
RTD_782, 41.99, 167.466434, Fan On
RTD_783, 19.62, 151.471259, Stable
RTD_784, 25.27, 155.090704, Stable
RTD_785, 16.67, 148.294858, Stable
RTD_786, 21.43, 151.873996, Stable
RTD_787, 5.64, 140.860071, Heater On
RTD_788, 43.70, 168.700429, Fan On
RTD_789, 52.41, 174.298392, Fan On
RTD_790, 19.34, 150.609780, Stable
RTD_791, 8.79, 143.477957, Stable
RTD_792, 31.21, 159.001003, Stable
RTD_793, 16.54, 149.542993, Stable
RTD_794, 25.38, 154.794821, Stable
RTD_795, 12.79, 146.512653, Stable
RTD_796, 20.66, 152.343180, Stable
RTD_797, 46.46, 169.991719, Fan On
RTD_798, 2.75, 138.525916, Heater On
RTD_799, 51.93, 175.513428, Fan On
RTD_800, 53.11, 175.616589, Fan On
RTD_801, 39.81, 165.202849, Fan On
RTD_802, 20.09, 151.394848, Stable
RTD_803, 19.78, 151.162247, Stable
RTD_804, 44.39, 168.734251, Fan On
RTD_805, 39.98, 166.942212, Fan On
RTD_806, 41.42, 166.327102, Fan On
RTD_807, 58.05, 178.600463, Fan On
RTD_808, 43.26, 167.582962, Fan On
RTD_809, 56.79, 177.486309, Fan On
RTD_810, 57.10, 179.342910, Fan On
RTD_811, 12.92, 146.802518, Stable
RTD_812, 17.98, 150.707884, Stable
RTD_813, 16.66, 148.669484, Stable
RTD_814, 10.91, 144.706296, Stable
RTD_815, 12.44, 144.851555, Stable
RTD_816, 16.30, 149.552011, Stable
RTD_817, 34.78, 162.553607, Stable
RTD_818, 45.28, 169.896559, Fan On
RTD_819, 27.65, 157.291774, Stable
RTD_820, 48.29, 172.307205, Fan On
RTD_821, 27.15, 156.051062, Stable
RTD_822, 30.28, 158.380199, Stable
RTD_823, 56.62, 177.762947, Fan On
RTD_824, 13.91, 146.219568, Stable
RTD_825, 32.28, 159.582047, Stable
RTD_826, 15.53, 148.933195, Stable
RTD_827, 35.13, 162.560705, Fan On
RTD_828, 0.17, 137.145362, Heater On
RTD_829, 15.67, 147.532434, Stable
RTD_830, 43.98, 168.360908, Fan On
RTD_831, 10.23, 143.489848, Stable
RTD_832, 4.85, 140.471506, Heater On
RTD_833, 24.77, 154.888992, Stable
RTD_834, 58.02, 179.771340, Fan On
RTD_835, 54.69, 177.134719, Fan On
RTD_836, 1.27, 138.004528, Heater On
RTD_837, 10.59, 143.774320, Stable
RTD_838, 17.11, 149.545325, Stable
RTD_839, 0.57, 137.938332, Heater On
RTD_840, 16.36, 148.368257, Stable
RTD_841, 17.99, 150.561258, Stable
RTD_842, 19.21, 150.082915, Stable
RTD_843, 3.28, 139.701751, Heater On
RTD_844, 9.65, 143.835142, Stable
RTD_845, 15.77, 147.608176, Stable
RTD_846, 29.71, 158.829867, Stable
RTD_847, 20.75, 151.256548, Stable
RTD_848, 47.54, 170.858137, Fan On
RTD_849, 48.92, 173.514782, Fan On
RTD_850, 1.96, 137.786351, Heater On
RTD_851, 47.96, 171.142855, Fan On
RTD_852, 32.80, 160.098507, Stable
RTD_853, 25.84, 156.160036, Stable
RTD_854, 33.86, 162.092177, Stable
RTD_855, 38.14, 165.680351, Fan On
RTD_856, 57.87, 180.167727, Fan On
RTD_857, 49.60, 172.671230, Fan On
RTD_858, 12.13, 144.773953, Stable
RTD_859, 58.17, 180.224954, Fan On
RTD_860, 50.52, 174.005660, Fan On
RTD_861, 5.21, 140.698979, Heater On
RTD_862, 26.10, 154.927766, Stable
RTD_863, 9.72, 143.919761, Stable
RTD_864, 42.45, 167.364649, Fan On
RTD_865, 42.32, 166.990784, Fan On
RTD_866, 38.60, 164.030566, Fan On
RTD_867, 37.19, 163.100799, Fan On
RTD_868, 21.59, 152.757984, Stable
RTD_869, 13.85, 147.250322, Stable
RTD_870, 44.57, 169.138988, Fan On
RTD_871, 54.42, 175.859614, Fan On
RTD_872, 24.46, 154.404391, Stable
RTD_873, 53.98, 176.410148, Fan On
RTD_874, 45.67, 170.608154, Fan On
RTD_875, 12.66, 145.176788, Stable
RTD_876, 28.53, 158.413707, Stable
RTD_877, 15.80, 147.965299, Stable
RTD_878, 46.12, 171.448995, Fan On
RTD_879, 39.77, 165.078352, Fan On
RTD_880, 6.47, 142.062133, Stable
RTD_881, 48.38, 172.503573, Fan On
RTD_882, 39.69, 166.110359, Fan On
RTD_883, 6.09, 140.720912, Stable
RTD_884, 57.58, 179.714874, Fan On
RTD_885, 14.43, 146.476028, Stable
RTD_886, 46.39, 170.400099, Fan On
RTD_887, 21.91, 152.171960, Stable
RTD_888, 36.26, 163.060994, Fan On
RTD_889, 11.09, 144.919032, Stable
RTD_890, 24.32, 154.296152, Stable
RTD_891, 7.10, 141.712710, Stable
RTD_892, 0.62, 136.360203, Heater On
RTD_893, 17.21, 148.991067, Stable
RTD_894, 43.49, 168.169570, Fan On
RTD_895, 30.40, 159.406690, Stable
RTD_896, 10.54, 144.933449, Stable
RTD_897, 11.24, 145.026646, Stable
RTD_898, 7.19, 141.828079, Stable
RTD_899, 21.07, 153.069524, Stable
RTD_900, 39.97, 166.103837, Fan On
RTD_901, 5.21, 140.911979, Heater On
RTD_902, 19.09, 151.206424, Stable
RTD_903, 10.03, 144.402363, Stable
RTD_904, 55.03, 177.134443, Fan On
RTD_905, 9.24, 142.728798, Stable
RTD_906, 47.54, 171.254137, Fan On
RTD_907, 11.04, 145.153161, Stable
RTD_908, 45.43, 169.958172, Fan On
RTD_909, 17.91, 149.961264, Stable
RTD_910, 19.28, 150.214535, Stable
RTD_911, 20.90, 151.524162, Stable
RTD_912, 36.77, 164.513080, Fan On
RTD_913, 38.62, 165.898315, Fan On
RTD_914, 18.08, 150.486626, Stable
RTD_915, 37.75, 165.380756, Fan On
RTD_916, 19.15, 151.602670, Stable
RTD_917, 2.66, 138.514548, Heater On
RTD_918, 40.33, 166.498310, Fan On
RTD_919, 27.93, 157.504252, Stable
RTD_920, 13.72, 147.186457, Stable
RTD_921, 55.56, 177.252277, Fan On
RTD_922, 45.06, 170.165325, Fan On
RTD_923, 53.85, 175.303282, Fan On
RTD_924, 27.97, 157.581749, Stable
RTD_925, 19.49, 151.480394, Stable
RTD_926, 12.45, 145.581929, Stable
RTD_927, 50.34, 173.011924, Fan On
RTD_928, 51.84, 175.010060, Fan On
RTD_929, 18.91, 150.466688, Stable
RTD_930, 2.44, 137.492315, Heater On
RTD_931, 11.56, 145.611621, Stable
RTD_932, 2.44, 138.438315, Heater On
RTD_933, 48.72, 173.264297, Fan On
RTD_934, 22.72, 153.941273, Stable
RTD_935, 1.67, 137.528498, Heater On
RTD_936, 14.59, 146.431016, Stable
RTD_937, 7.36, 142.912441, Stable
RTD_938, 12.05, 144.901959, Stable
RTD_939, 49.36, 173.131249, Fan On
RTD_940, 19.73, 150.681376, Stable
RTD_941, 34.72, 161.889361, Stable
RTD_942, 16.93, 149.238588, Stable
RTD_943, 47.01, 170.871302, Fan On
RTD_944, 58.31, 179.147193, Fan On
RTD_945, 8.89, 142.242699, Stable
RTD_946, 25.35, 155.234698, Stable
RTD_947, 54.81, 177.533209, Fan On
RTD_948, 33.10, 160.888734, Stable
RTD_949, 16.48, 148.869748, Stable
RTD_950, 4.37, 140.672543, Heater On
RTD_951, 32.36, 160.981041, Stable
RTD_952, 38.70, 166.016309, Fan On
RTD_953, 0.83, 137.774062, Heater On
RTD_954, 51.12, 175.241115, Fan On
RTD_955, 31.23, 159.083752, Stable
RTD_956, 21.47, 152.095493, Stable
RTD_957, 41.83, 168.052446, Fan On
RTD_958, 27.38, 156.371669, Stable
RTD_959, 54.28, 175.589375, Fan On
RTD_960, 15.72, 148.479305, Stable
RTD_961, 48.89, 173.351659, Fan On
RTD_962, 42.10, 168.320550, Fan On
RTD_963, 34.83, 163.120478, Stable
RTD_964, 18.91, 150.134688, Stable
RTD_965, 12.18, 146.465824, Stable
RTD_966, 6.02, 140.450292, Stable
RTD_967, 55.07, 177.540940, Fan On
RTD_968, 33.52, 160.869452, Stable
RTD_969, 45.23, 170.546688, Fan On
RTD_970, 30.28, 157.889199, Stable
RTD_971, 9.98, 143.666492, Stable
RTD_972, 9.89, 143.232123, Stable
RTD_973, 35.01, 162.844214, Fan On
RTD_974, 58.22, 180.423825, Fan On
RTD_975, 4.73, 140.066016, Heater On
RTD_976, 2.38, 137.446069, Heater On
RTD_977, 52.31, 175.806649, Fan On
RTD_978, 13.49, 146.095850, Stable
RTD_979, 8.22, 142.288625, Stable
RTD_980, 23.59, 153.653832, Stable
RTD_981, 5.62, 141.056323, Heater On
RTD_982, 26.26, 155.131754, Stable
RTD_983, 55.19, 177.609431, Fan On
RTD_984, 28.20, 158.211357, Stable
RTD_985, 45.73, 170.421400, Fan On
RTD_986, 7.83, 143.314030, Stable
RTD_987, 55.92, 178.590750, Fan On
RTD_988, 10.99, 145.656290, Stable
RTD_989, 19.65, 150.638382, Stable
RTD_990, 9.32, 142.537792, Stable
RTD_991, 43.16, 168.315220, Fan On
RTD_992, 35.41, 162.674184, Fan On
RTD_993, 8.52, 143.138852, Stable
RTD_994, 7.68, 142.761416, Stable
RTD_995, 3.73, 138.540592, Heater On
RTD_996, 40.17, 166.601322, Fan On
RTD_997, 47.29, 170.899781, Fan On
RTD_998, 51.03, 173.419747, Fan On
RTD_999, 4.47, 138.899285, Heater On
RTD_1000, 50.71, 174.943771, Fan On
RTD_1001, 11.13, 144.001529, Stable
RTD_1002, 24.69, 154.837999, Stable
RTD_1003, 3.84, 139.757708, Heater On
RTD_1004, 40.06, 165.586205, Fan On
RTD_1005, 31.38, 159.104365, Stable
RTD_1006, 30.84, 159.859156, Stable
RTD_1007, 14.05, 146.005807, Stable
RTD_1008, 33.60, 160.830446, Stable
RTD_1009, 10.49, 144.514578, Stable
RTD_1010, 38.33, 164.755462, Fan On
RTD_1011, 22.25, 152.192684, Stable
RTD_1012, 55.72, 177.039265, Fan On
RTD_1013, 23.65, 153.284078, Stable
RTD_1014, 39.39, 164.632131, Fan On
RTD_1015, 12.58, 145.199794, Stable
RTD_1016, 30.66, 159.236420, Stable
RTD_1017, 8.07, 142.537012, Stable
RTD_1018, 39.62, 166.630739, Fan On
RTD_1019, 48.36, 171.279825, Fan On
RTD_1020, 0.69, 136.931823, Heater On
RTD_1021, 19.87, 150.514615, Stable
RTD_1022, 15.53, 147.644195, Stable
RTD_1023, 6.48, 142.301508, Stable
RTD_1024, 57.43, 178.372260, Fan On
RTD_1025, 56.63, 177.612321, Fan On
RTD_1026, 41.69, 166.862207, Fan On
RTD_1027, 4.43, 140.510788, Heater On
RTD_1028, 23.71, 154.310323, Stable
RTD_1029, 21.86, 152.239089, Stable
RTD_1030, 20.66, 151.322180, Stable
RTD_1031, 55.59, 178.140400, Fan On
RTD_1032, 48.88, 172.337285, Fan On
RTD_1033, 49.62, 173.759979, Fan On
RTD_1034, 26.36, 155.086497, Stable
RTD_1035, 0.93, 137.331804, Heater On
RTD_1036, 21.04, 153.006401, Stable
RTD_1037, 25.03, 154.424723, Stable
RTD_1038, 46.37, 171.609351, Fan On
RTD_1039, 49.26, 172.282506, Fan On
RTD_1040, 18.52, 150.542092, Stable
RTD_1041, 8.91, 142.993448, Stable
RTD_1042, 51.88, 174.966557, Fan On
RTD_1043, 47.84, 170.842364, Fan On
RTD_1044, 48.86, 171.846537, Fan On
RTD_1045, 52.69, 174.955871, Fan On
RTD_1046, 11.51, 144.396750, Stable
RTD_1047, 44.55, 169.771239, Fan On
RTD_1048, 23.08, 153.500746, Stable
RTD_1049, 54.29, 177.423749, Fan On
RTD_1050, 51.80, 174.722563, Fan On
RTD_1051, 5.20, 139.424605, Heater On
RTD_1052, 20.43, 151.173572, Stable
RTD_1053, 33.19, 160.375103, Stable
RTD_1054, 31.82, 159.450832, Stable
RTD_1055, 0.45, 137.481841, Heater On
RTD_1056, 34.96, 161.384343, Stable
RTD_1057, 12.93, 146.361892, Stable
RTD_1058, 25.63, 155.565177, Stable
RTD_1059, 42.16, 167.602796, Fan On
RTD_1060, 40.36, 165.943433, Fan On
RTD_1061, 27.56, 156.600405, Stable
RTD_1062, 29.34, 157.478020, Stable
RTD_1063, 15.06, 147.361605, Stable
RTD_1064, 54.57, 176.182228, Fan On
RTD_1065, 16.59, 147.807864, Stable
RTD_1066, 50.16, 173.899188, Fan On
RTD_1067, 24.56, 154.765133, Stable
RTD_1068, 32.23, 160.708176, Stable
RTD_1069, 28.54, 158.318081, Stable
RTD_1070, 47.74, 170.995622, Fan On
RTD_1071, 17.93, 149.900012, Stable
RTD_1072, 1.75, 138.497492, Heater On
RTD_1073, 4.46, 140.181911, Heater On
RTD_1074, 22.31, 152.523929, Stable
RTD_1075, 56.87, 178.409303, Fan On
RTD_1076, 3.37, 139.975119, Heater On
RTD_1077, 58.67, 178.899666, Fan On
RTD_1078, 18.92, 149.814062, Stable
RTD_1079, 7.24, 142.376950, Stable
RTD_1080, 26.29, 155.358877, Stable
RTD_1081, 6.97, 142.692845, Stable
RTD_1082, 21.14, 152.947143, Stable
RTD_1083, 26.92, 157.249454, Stable
RTD_1084, 51.50, 175.437336, Fan On
RTD_1085, 34.10, 161.834158, Stable
RTD_1086, 55.45, 177.532161, Fan On
RTD_1087, 19.31, 150.466657, Stable
RTD_1088, 57.43, 178.369260, Fan On
RTD_1089, 41.00, 166.673384, Fan On
RTD_1090, 42.01, 168.175182, Fan On
RTD_1091, 18.32, 150.198608, Stable
RTD_1092, 19.97, 150.339357, Stable
RTD_1093, 56.99, 178.924794, Fan On
RTD_1094, 55.26, 176.618050, Fan On
RTD_1095, 0.97, 136.974301, Heater On
RTD_1096, 22.88, 153.300261, Stable
RTD_1097, 24.20, 155.235661, Stable
RTD_1098, 39.49, 166.212874, Fan On
RTD_1099, 44.72, 169.987601, Fan On
RTD_1100, 44.45, 168.965497, Fan On
RTD_1101, 10.72, 143.898185, Stable
RTD_1102, 58.88, 180.199525, Fan On
RTD_1103, 46.74, 171.322198, Fan On
RTD_1104, 34.60, 161.687870, Stable
RTD_1105, 2.61, 138.959677, Heater On
RTD_1106, 16.91, 148.192840, Stable
RTD_1107, 5.04, 140.750617, Heater On
RTD_1108, 55.79, 177.619885, Fan On
RTD_1109, 18.97, 151.023933, Stable
RTD_1110, 38.85, 164.344922, Fan On
RTD_1111, 40.66, 167.522660, Fan On
RTD_1112, 40.16, 165.331948, Fan On
RTD_1113, 0.15, 137.255614, Heater On
RTD_1114, 33.00, 161.608992, Stable
RTD_1115, 50.17, 174.282562, Fan On
RTD_1116, 26.63, 156.589601, Stable
RTD_1117, 18.07, 149.852252, Stable
RTD_1118, 12.20, 146.375573, Stable
RTD_1119, 59.25, 180.927372, Fan On
RTD_1120, 27.53, 157.407283, Stable
RTD_1121, 15.82, 148.895048, Stable
RTD_1122, 32.35, 161.139666, Stable
RTD_1123, 35.29, 163.010693, Fan On
RTD_1124, 0.98, 138.042676, Heater On
RTD_1125, 17.03, 149.062331, Stable
RTD_1126, 5.18, 139.674856, Heater On
RTD_1127, 22.84, 152.949764, Stable
RTD_1128, 7.97, 142.933269, Stable
RTD_1129, 25.52, 154.439060, Stable
RTD_1130, 36.87, 163.680823, Fan On
RTD_1131, 19.97, 150.873357, Stable
RTD_1132, 17.09, 149.745576, Stable
RTD_1133, 16.54, 148.068993, Stable
RTD_1134, 27.49, 156.057786, Stable
RTD_1135, 43.27, 169.065336, Fan On
RTD_1136, 36.92, 164.783694, Fan On
RTD_1137, 52.63, 174.882625, Fan On
RTD_1138, 36.24, 163.653246, Fan On
RTD_1139, 11.86, 146.149849, Stable
RTD_1140, 21.68, 151.907352, Stable
RTD_1141, 51.91, 174.035680, Fan On
RTD_1142, 27.60, 156.392902, Stable
RTD_1143, 28.59, 156.644952, Stable
RTD_1144, 30.25, 159.017076, Stable
RTD_1145, 4.07, 139.358316, Heater On
RTD_1146, 31.76, 160.932586, Stable
RTD_1147, 55.39, 177.972915, Fan On
RTD_1148, 19.48, 151.308020, Stable
RTD_1149, 47.24, 170.934910, Fan On
RTD_1150, 46.99, 171.192554, Fan On
RTD_1151, 49.76, 172.974218, Fan On
RTD_1152, 29.90, 158.872978, Stable
RTD_1153, 40.95, 166.803513, Fan On
RTD_1154, 46.76, 171.120946, Fan On
RTD_1155, 49.72, 173.914721, Fan On
RTD_1156, 5.64, 141.532071, Heater On
RTD_1157, 20.29, 152.452333, Stable
RTD_1158, 37.31, 164.132289, Fan On
RTD_1159, 51.12, 173.322115, Fan On
RTD_1160, 57.32, 178.024144, Fan On
RTD_1161, 7.92, 141.735398, Stable
RTD_1162, 13.33, 146.111862, Stable
RTD_1163, 17.43, 149.730300, Stable
RTD_1164, 13.35, 146.692610, Stable
RTD_1165, 14.82, 148.451624, Stable
RTD_1166, 0.36, 136.362473, Heater On
RTD_1167, 41.82, 166.717072, Fan On
RTD_1168, 0.02, 136.272748, Heater On
RTD_1169, 12.33, 146.201438, Stable
RTD_1170, 32.31, 159.905169, Stable
RTD_1171, 0.67, 137.357074, Heater On
RTD_1172, 9.96, 144.666743, Stable
RTD_1173, 47.22, 170.456161, Fan On
RTD_1174, 12.89, 145.898395, Stable
RTD_1175, 55.79, 177.765885, Fan On
RTD_1176, 1.19, 137.948535, Heater On
RTD_1177, 37.52, 163.678148, Fan On
RTD_1178, 42.76, 168.962250, Fan On
RTD_1179, 11.63, 144.493241, Stable
RTD_1180, 55.18, 176.599056, Fan On
RTD_1181, 24.67, 154.893250, Stable
RTD_1182, 25.61, 155.736429, Stable
RTD_1183, 19.42, 150.164774, Stable
RTD_1184, 54.89, 177.491203, Fan On
RTD_1185, 51.38, 174.743845, Fan On
RTD_1186, 59.16, 180.717004, Fan On
RTD_1187, 11.58, 144.734370, Stable
RTD_1188, 7.64, 142.352919, Stable
RTD_1189, 6.04, 141.580041, Stable
RTD_1190, 58.42, 180.174310, Fan On
RTD_1191, 7.70, 142.691165, Stable
RTD_1192, 12.69, 145.443911, Stable
RTD_1193, 16.86, 148.405969, Stable
RTD_1194, 43.78, 169.046423, Fan On
RTD_1195, 23.28, 153.552231, Stable
RTD_1196, 52.62, 175.025251, Fan On
RTD_1197, 50.52, 174.689660, Fan On
RTD_1198, 12.84, 146.586524, Stable
RTD_1199, 42.34, 166.909532, Fan On
RTD_1200, 56.15, 177.708358, Fan On
